Second;UHOLEG2;UCOLEG2;ZINST80;ZINST71;ZINST77;ZINST74;WFWLN2;WSTM2;ZINST58;KBCDO23;KBCDO15;ZINST63;LOG_ACIDENTE
0;325,514;290,881;100,381;89,192;50,017;64,351;455,212;453,884;158,825;99;17;55,825;PARAMLOG_L-69_OPTION-10020
1;325,515;290,881;100,381;89,195;50,026;64,345;454,762;453,607;158,822;99;17;55,825;PARAMLOG_L-69_OPTION-10020
2;325,516;290,88;100,382;89,195;50,028;64,342;454,197;453,402;158,819;99;17;55,824;PARAMLOG_L-69_OPTION-10020
3;325,517;290,878;100,382;89,193;50,025;64,34;453,526;453,313;158,815;99;17;55,822;PARAMLOG_L-69_OPTION-10020
4;325,517;290,876;100,383;89,19;50,02;64,339;452,741;453,312;158,812;99;17;55,821;PARAMLOG_L-69_OPTION-10020
5;325,518;290,874;100,383;89,185;50,013;64,338;451,863;453,406;158,808;99;17;55,82;PARAMLOG_L-69_OPTION-10020
6;325,519;290,872;100,384;89,18;50,006;64,336;450,913;453,55;158,805;99;17;55,819;PARAMLOG_L-69_OPTION-10020
7;325,519;290,871;100,384;89,174;49,998;64,335;449,922;453,762;158,801;99;17;55,818;PARAMLOG_L-69_OPTION-10020
8;325,519;290,87;100,384;89,167;49,989;64,332;448,908;454,016;158,797;99;17;55,817;PARAMLOG_L-69_OPTION-10020
9;325,52;290,869;100,384;89,159;49,979;64,329;447,907;454,298;158,793;100;17;55,815;PARAMLOG_L-69_OPTION-10020
10;325,52;290,868;100,385;89,15;49,968;64,326;446,927;454,627;158,787;100;17;55,813;PARAMLOG_L-69_OPTION-10020
11;325,521;290,867;100,385;89,14;49,954;64,322;445,998;454,958;158,781;100;17;55,811;PARAMLOG_L-69_OPTION-10020
12;325,522;290,865;100,385;89,127;49,939;64,318;445,128;455,315;158,774;100;17;55,809;PARAMLOG_L-69_OPTION-10020
13;325,522;290,864;100,386;89,114;49,921;64,313;444,331;455,658;158,766;100;17;55,806;PARAMLOG_L-69_OPTION-10020
14;325,523;290,861;100,386;89,098;49,901;64,308;443,612;456,022;158,757;100;17;55,802;PARAMLOG_L-69_OPTION-10020
15;325,524;290,859;100,387;89,081;49,878;64,303;442,979;456,367;158,746;100;17;55,798;PARAMLOG_L-69_OPTION-10020
16;325,525;290,857;100,387;89,063;49,852;64,297;442,437;456,711;158,734;100;17;55,794;PARAMLOG_L-69_OPTION-10020
17;325,525;290,854;100,388;89,043;49,824;64,292;441,987;457,035;158,721;100;17;55,789;PARAMLOG_L-69_OPTION-10020
18;325,526;290,851;100,389;89,021;49,793;64,286;441,636;457,347;158,708;100;17;55,784;PARAMLOG_L-69_OPTION-10020
19;325,526;290,848;100,389;88,998;49,76;64,28;441,373;457,649;158,694;100;17;55,778;PARAMLOG_L-69_OPTION-10020
20;325,526;290,845;100,39;88,973;49,724;64,275;441,206;457,92;158,679;100;17;55,773;PARAMLOG_L-69_OPTION-10020
21;325,526;290,841;100,391;88,947;49,685;64,269;441,122;458,178;158,663;100;17;55,767;PARAMLOG_L-69_OPTION-10020
22;325,525;290,838;100,392;88,92;49,645;64,263;441,126;458,41;158,647;100;17;55,761;PARAMLOG_L-69_OPTION-10020
23;325,525;290,834;100,392;88,892;49,602;64,258;441,215;458,612;158,632;100;17;55,754;PARAMLOG_L-69_OPTION-10020
24;325,525;290,83;100,393;88,863;49,558;64,252;441,379;458,798;158,616;100;17;55,748;PARAMLOG_L-69_OPTION-10020
25;325,524;290,826;100,394;88,833;49,512;64,247;441,609;458,955;158,6;100;17;55,742;PARAMLOG_L-69_OPTION-10020
26;325,524;290,822;100,395;88,803;49,465;64,242;441,907;459,097;158,584;100;17;55,736;PARAMLOG_L-69_OPTION-10020
27;325,523;290,819;100,395;88,772;49,417;64,237;442,263;459,217;158,568;100;17;55,73;PARAMLOG_L-69_OPTION-10020
28;325,523;290,815;100,396;88,741;49,368;64,232;442,671;459,304;158,553;100;17;55,723;PARAMLOG_L-69_OPTION-10020
29;325,523;290,811;100,397;88,71;49,319;64,227;443,125;459,38;158,538;100;17;55,718;PARAMLOG_L-69_OPTION-10020
30;325,521;290,807;100,398;88,679;49,269;64,222;443,625;459,432;158,52;100;17;55,711;PARAMLOG_L-69_OPTION-10020
31;325,519;290,803;100,399;88,648;49,219;64,218;444,16;459,466;158,501;100;17;55,704;PARAMLOG_L-69_OPTION-10020
32;325,515;290,799;100,4;88,618;49,17;64,213;444,731;459,486;158,481;100;17;55,696;PARAMLOG_L-69_OPTION-10020
33;325,512;290,795;100,4;88,588;49,121;64,208;445,335;459,485;158,462;100;17;55,688;PARAMLOG_L-69_OPTION-10020
34;325,509;290,791;100,401;88,558;49,072;64,203;445,965;459,476;158,443;100;17;55,68;PARAMLOG_L-69_OPTION-10020
35;325,507;290,787;100,402;88,529;49,025;64,198;446,617;459,46;158,425;100;17;55,673;PARAMLOG_L-69_OPTION-10020
36;325,505;290,782;100,403;88,501;48,978;64,193;447,279;459,421;158,407;100;17;55,666;PARAMLOG_L-69_OPTION-10020
37;325,504;290,777;100,404;88,474;48,933;64,188;447,946;459,355;158,391;100;17;55,66;PARAMLOG_L-69_OPTION-10020
38;325,503;290,773;100,405;88,447;48,889;64,183;448,612;459,305;158,375;100;17;55,653;PARAMLOG_L-69_OPTION-10020
39;325,502;290,768;100,406;88,422;48,846;64,177;449,275;459,228;158,359;100;17;55,647;PARAMLOG_L-69_OPTION-10020
40;325,501;290,763;100,407;88,397;48,805;64,172;449,931;459,16;158,344;100;17;55,641;PARAMLOG_L-69_OPTION-10020
41;325,501;290,758;100,408;88,374;48,766;64,167;450,578;459,081;158,328;100;17;55,635;PARAMLOG_L-69_OPTION-10020
42;325,5;290,754;100,409;88,352;48,728;64,162;451,213;458,999;158,313;100;17;55,629;PARAMLOG_L-69_OPTION-10020
43;325,499;290,749;100,41;88,331;48,692;64,157;451,842;458,909;158,295;100;17;55,622;PARAMLOG_L-69_OPTION-10020
44;325,496;290,744;100,412;88,31;48,658;64,152;452,455;458,834;158,275;100;17;55,614;PARAMLOG_L-69_OPTION-10020
45;325,492;290,74;100,413;88,292;48,626;64,146;453,063;458,733;158,255;100;17;55,606;PARAMLOG_L-69_OPTION-10020
46;325,489;290,735;100,414;88,274;48,595;64,141;453,662;458,652;158,235;100;17;55,598;PARAMLOG_L-69_OPTION-10020
47;325,486;290,73;100,415;88,257;48,567;64,135;454,253;458,552;158,216;100;17;55,591;PARAMLOG_L-69_OPTION-10020
48;325,484;290,725;100,416;88,241;48,54;64,129;454,828;458,462;158,197;100;17;55,583;PARAMLOG_L-69_OPTION-10020
49;325,483;290,719;100,417;88,227;48,515;64,123;455,389;458,364;158,178;100;17;55,576;PARAMLOG_L-69_OPTION-10020
50;325,481;290,714;100,418;88,214;48,492;64,117;455,924;458,268;158,16;100;17;55,568;PARAMLOG_L-69_OPTION-10020
51;325,48;290,708;100,42;88,202;48,471;64,111;456,439;458,181;158,142;100;17;55,561;PARAMLOG_L-69_OPTION-10020
52;325,48;290,702;100,421;88,191;48,452;64,105;456,932;458,093;158,124;100;17;55,554;PARAMLOG_L-69_OPTION-10020
53;325,479;290,697;100,422;88,181;48,435;64,099;457,403;458,012;158,106;100;17;55,547;PARAMLOG_L-69_OPTION-10020
54;325,478;290,691;100,424;88,172;48,419;64,093;457,852;457,911;158,089;100;17;55,54;PARAMLOG_L-69_OPTION-10020
55;325,478;290,686;100,425;88,165;48,406;64,087;458,28;457,841;158,071;100;17;55,533;PARAMLOG_L-69_OPTION-10020
56;325,477;290,68;100,426;88,158;48,394;64,08;458,686;457,754;158,053;100;17;55,526;PARAMLOG_L-69_OPTION-10020
57;325,475;290,674;100,427;88,152;48,383;64,074;459,074;457,674;158,033;100;17;55,518;PARAMLOG_L-69_OPTION-10020
58;325,472;290,669;100,429;88,147;48,374;64,068;459,449;457,607;158,011;100;17;55,509;PARAMLOG_L-69_OPTION-10020
59;325,469;290,663;100,43;88,143;48,367;64,062;459,811;457,54;157,988;100;17;55,5;PARAMLOG_L-69_OPTION-10020
60;325,465;290,658;100,431;88,14;48,361;64,056;460,16;457,473;157,966;100;17;55,491;PARAMLOG_L-69_OPTION-10020
61;325,463;290,652;100,432;88,137;48,356;64,049;460,499;457,408;157,944;100;17;55,482;PARAMLOG_L-69_OPTION-10020
62;325,46;290,646;100,434;88,136;48,353;64,043;460,827;457,34;157,923;100;17;55,474;PARAMLOG_L-69_OPTION-10020
63;325,459;290,64;100,435;88,135;48,35;64,036;461,141;457,271;157,902;100;17;55,465;PARAMLOG_L-69_OPTION-10020
64;325,457;290,634;100,436;88,135;48,35;64,029;461,433;457,212;157,882;100;17;55,457;PARAMLOG_L-69_OPTION-10020
65;325,456;290,628;100,438;88,136;48,35;64,023;461,709;457,161;157,862;100;17;55,449;PARAMLOG_L-69_OPTION-10020
66;325,455;290,622;100,439;88,137;48,352;64,016;461,964;457,094;157,842;100;17;55,441;PARAMLOG_L-69_OPTION-10020
67;325,454;290,616;100,44;88,139;48,355;64,01;462,205;457,029;157,823;100;17;55,433;PARAMLOG_L-69_OPTION-10020
68;325,454;290,61;100,441;88,142;48,359;64,004;462,431;456,992;157,803;100;17;55,425;PARAMLOG_L-69_OPTION-10020
69;325,453;290,604;100,443;88,145;48,364;63,998;462,64;456,938;157,785;100;17;55,418;PARAMLOG_L-69_OPTION-10020
70;325,451;290,598;100,444;88,148;48,37;63,991;462,837;456,887;157,765;100;17;55,41;PARAMLOG_L-69_OPTION-10020
71;325,449;290,592;100,445;88,153;48,376;63,986;463,022;456,84;157,743;100;17;55,401;PARAMLOG_L-69_OPTION-10020
72;325,446;290,587;100,447;88,157;48,384;63,98;463,197;456,801;157,721;100;17;55,392;PARAMLOG_L-69_OPTION-10020
73;325,442;290,582;100,448;88,162;48,392;63,974;463,371;456,759;157,698;100;17;55,383;PARAMLOG_L-69_OPTION-10020
74;325,439;290,576;100,449;88,168;48,401;63,968;463,539;456,726;157,677;100;17;55,374;PARAMLOG_L-69_OPTION-10020
75;325,436;290,57;100,45;88,174;48,41;63,962;463,704;456,669;157,656;100;17;55,366;PARAMLOG_L-69_OPTION-10020
76;325,434;290,565;100,451;88,18;48,42;63,956;463,859;456,638;157,635;100;17;55,357;PARAMLOG_L-69_OPTION-10020
77;325,433;290,559;100,453;88,187;48,431;63,95;464,006;456,595;157,616;100;17;55,35;PARAMLOG_L-69_OPTION-10020
78;325,432;290,554;100,454;88,194;48,443;63,945;464,136;456,556;157,597;100;17;55,342;PARAMLOG_L-69_OPTION-10020
79;325,431;290,548;100,455;88,202;48,455;63,939;464,259;456,511;157,579;100;17;55,335;PARAMLOG_L-69_OPTION-10020
80;325,43;290,543;100,456;88,21;48,468;63,934;464,361;456,464;157,562;100;17;55,328;PARAMLOG_L-69_OPTION-10020
81;325,429;290,537;100,457;88,218;48,481;63,929;464,46;456,438;157,545;100;17;55,321;PARAMLOG_L-69_OPTION-10020
82;325,428;290,532;100,458;88,226;48,495;63,924;464,548;456,4;157,528;100;17;55,314;PARAMLOG_L-69_OPTION-10020
83;325,425;290,527;100,459;88,235;48,509;63,919;464,627;456,372;157,508;100;17;55,306;PARAMLOG_L-69_OPTION-10020
84;325,422;290,523;100,461;88,244;48,524;63,914;464,701;456,339;157,488;100;17;55,298;PARAMLOG_L-69_OPTION-10020
85;325,419;290,518;100,462;88,253;48,539;63,909;464,774;456,294;157,469;100;17;55,29;PARAMLOG_L-69_OPTION-10020
86;325,416;290,513;100,462;88,262;48,554;63,905;464,846;456,269;157,45;100;17;55,282;PARAMLOG_L-69_OPTION-10020
87;325,413;290,509;100,463;88,272;48,57;63,9;464,919;456,236;157,432;100;17;55,275;PARAMLOG_L-69_OPTION-10020
88;325,412;290,504;100,464;88,282;48,585;63,895;464,983;456,202;157,416;100;17;55,268;PARAMLOG_L-69_OPTION-10020
89;325,41;290,5;100,465;88,292;48,602;63,891;465,039;456,171;157,4;100;17;55,262;PARAMLOG_L-69_OPTION-10020
90;325,409;290,495;100,466;88,302;48,618;63,887;465,086;456,129;157,386;100;17;55,256;PARAMLOG_L-69_OPTION-10020
91;325,408;290,491;100,467;88,312;48,635;63,882;465,126;456,109;157,372;100;17;55,25;PARAMLOG_L-69_OPTION-10020
92;325,408;290,487;100,468;88,322;48,652;63,878;465,153;456,073;157,358;100;17;55,245;PARAMLOG_L-69_OPTION-10020
93;325,406;290,483;100,469;88,333;48,67;63,875;465,167;456,052;157,345;100;17;55,239;PARAMLOG_L-69_OPTION-10020
94;325,404;290,479;100,47;88,344;48,687;63,871;465,182;456,024;157,329;100;17;55,233;PARAMLOG_L-69_OPTION-10020
95;325,401;290,475;100,471;88,355;48,705;63,868;465,189;455,996;157,312;100;17;55,226;PARAMLOG_L-69_OPTION-10020
96;325,398;290,471;100,471;88,365;48,723;63,864;465,201;455,975;157,297;100;17;55,219;PARAMLOG_L-69_OPTION-10020
97;325,396;290,468;100,472;88,376;48,741;63,861;465,211;455,949;157,282;100;17;55,213;PARAMLOG_L-69_OPTION-10020
98;325,393;290,464;100,473;88,387;48,759;63,857;465,22;455,917;157,269;100;17;55,208;PARAMLOG_L-69_OPTION-10020
99;325,392;290,461;100,473;88,398;48,777;63,854;465,229;455,893;157,258;100;17;55,202;PARAMLOG_L-69_OPTION-10020
100;325,391;290,457;100,474;88,41;48,795;63,851;465,232;455,871;157,247;100;17;55,198;PARAMLOG_L-69_OPTION-10020
101;325,39;290,454;100,475;88,421;48,814;63,848;465,221;455,852;157,237;100;17;55,193;PARAMLOG_L-69_OPTION-10020
102;325,39;290,451;100,476;88,432;48,832;63,845;465,207;455,821;157,229;100;17;55,189;PARAMLOG_L-69_OPTION-10020
103;325,389;290,447;100,476;88,444;48,851;63,842;465,181;455,795;157,221;100;17;55,185;PARAMLOG_L-69_OPTION-10020
104;325,389;290,444;100,477;88,455;48,87;63,839;465,15;455,774;157,214;100;17;55,181;PARAMLOG_L-69_OPTION-10020
105;325,387;290,442;100,477;88,466;48,888;63,837;465,114;455,76;157,205;100;17;55,177;PARAMLOG_L-69_OPTION-10020
106;325,385;290,439;100,478;88,478;48,907;63,835;465,073;455,728;157,195;100;17;55,172;PARAMLOG_L-69_OPTION-10020
107;325,382;290,437;100,479;88,489;48,926;63,833;465,035;455,728;157,186;100;17;55,167;PARAMLOG_L-69_OPTION-10020
108;325,38;290,434;100,479;88,5;48,944;63,831;464,998;455,699;157,177;100;17;55,163;PARAMLOG_L-69_OPTION-10020
109;325,378;290,432;100,48;88,512;48,963;63,828;464,963;455,692;157,17;100;17;55,158;PARAMLOG_L-69_OPTION-10020
110;325,376;290,43;100,48;88,523;48,982;63,826;464,933;455,663;157,163;100;17;55,155;PARAMLOG_L-69_OPTION-10020
111;325,375;290,427;100,481;88,534;49;63,824;464,897;455,647;157,158;100;17;55,151;PARAMLOG_L-69_OPTION-10020
112;325,375;290,425;100,481;88,546;49,019;63,822;464,852;455,636;157,154;100;17;55,148;PARAMLOG_L-69_OPTION-10020
113;325,374;290,423;100,482;88,557;49,037;63,82;464,804;455,608;157,151;100;17;55,145;PARAMLOG_L-69_OPTION-10020
114;325,374;290,421;100,482;88,568;49,056;63,819;464,75;455,605;157,148;100;17;55,143;PARAMLOG_L-69_OPTION-10020
115;325,374;290,419;100,482;88,579;49,074;63,817;464,688;455,599;157,147;100;17;55,14;PARAMLOG_L-69_OPTION-10020
116;325,374;290,417;100,483;88,591;49,093;63,816;464,626;455,578;157,146;100;17;55,138;PARAMLOG_L-69_OPTION-10020
117;325,374;290,415;100,483;88,602;49,111;63,814;464,556;455,562;157,145;100;17;55,136;PARAMLOG_L-69_OPTION-10020
118;325,374;290,414;100,483;88,613;49,129;63,813;464,485;455,552;157,145;100;17;55,135;PARAMLOG_L-69_OPTION-10020
119;325,373;290,413;100,484;88,624;49,147;63,812;464,408;455,544;157,143;100;17;55,132;PARAMLOG_L-69_OPTION-10020
120;325,371;290,412;100,484;88,634;49,165;63,811;464,335;455,54;157,14;100;17;55,129;PARAMLOG_L-69_OPTION-10020
121;325,369;290,411;100,484;88,645;49,183;63,81;464,264;455,531;157,138;100;17;55,126;PARAMLOG_L-69_OPTION-10020
122;325,367;290,41;100,485;88,656;49,2;63,809;464,203;455,53;157,135;100;17;55,123;PARAMLOG_L-69_OPTION-10020
123;325,365;290,409;100,485;88,666;49,218;63,809;464,143;455,515;157,135;100;17;55,121;PARAMLOG_L-69_OPTION-10020
124;325,364;290,407;100,485;88,677;49,235;63,808;464,09;455,506;157,134;100;17;55,119;PARAMLOG_L-69_OPTION-10020
125;325,364;290,406;100,485;88,687;49,252;63,807;464,03;455,507;157,136;100;17;55,118;PARAMLOG_L-69_OPTION-10020
126;325,364;290,405;100,485;88,697;49,269;63,806;463,971;455,505;157,137;100;17;55,116;PARAMLOG_L-69_OPTION-10020
127;325,364;290,404;100,486;88,708;49,286;63,805;463,906;455,491;157,14;100;17;55,115;PARAMLOG_L-69_OPTION-10020
128;325,364;290,403;100,486;88,718;49,302;63,804;463,839;455,491;157,143;100;17;55,114;PARAMLOG_L-69_OPTION-10020
129;325,364;290,402;100,486;88,728;49,319;63,804;463,764;455,483;157,146;100;17;55,113;PARAMLOG_L-69_OPTION-10020
130;325,365;290,402;100,486;88,738;49,336;63,803;463,69;455,479;157,15;100;17;55,112;PARAMLOG_L-69_OPTION-10020
131;325,365;290,401;100,487;88,748;49,352;63,803;463,615;455,474;157,154;100;17;55,112;PARAMLOG_L-69_OPTION-10020
132;325,366;290,4;100,487;88,757;49,368;63,803;463,534;455,473;157,159;100;17;55,112;PARAMLOG_L-69_OPTION-10020
133;325,366;290,4;100,487;88,767;49,384;63,803;463,456;455,467;157,165;100;17;55,112;PARAMLOG_L-69_OPTION-10020
134;325,367;290,4;100,487;88,777;49,4;63,802;463,378;455,462;157,171;100;17;55,112;PARAMLOG_L-69_OPTION-10020
135;325,368;290,4;100,487;88,786;49,415;63,803;463,3;455,472;157,177;100;17;55,112;PARAMLOG_L-69_OPTION-10020
136;325,368;290,4;100,487;88,795;49,43;63,803;463,224;455,469;157,184;100;17;55,113;PARAMLOG_L-69_OPTION-10020
137;325,369;290,4;100,487;88,804;49,445;63,803;463,145;455,468;157,191;100;17;55,113;PARAMLOG_L-69_OPTION-10020
138;325,37;290,4;100,487;88,813;49,46;63,803;463,068;455,47;157,199;100;17;55,114;PARAMLOG_L-69_OPTION-10020
139;325,371;290,4;100,487;88,822;49,475;63,804;462,991;455,473;157,206;101;17;55,115;PARAMLOG_L-69_OPTION-10020
140;325,372;290,401;100,486;88,831;49,489;63,804;462,916;455,47;157,215;101;17;55,117;PARAMLOG_L-69_OPTION-10020
141;325,373;290,401;100,486;88,84;49,504;63,805;462,841;455,49;157,223;101;17;55,118;PARAMLOG_L-69_OPTION-10020
142;325,375;290,402;100,486;88,848;49,518;63,805;462,769;455,488;157,232;101;17;55,119;PARAMLOG_L-69_OPTION-10020
143;325,376;290,402;100,486;88,856;49,532;63,806;462,698;455,491;157,241;101;17;55,121;PARAMLOG_L-69_OPTION-10020
144;325,377;290,403;100,486;88,865;49,545;63,807;462,629;455,507;157,25;101;17;55,122;PARAMLOG_L-69_OPTION-10020
145;325,378;290,404;100,486;88,873;49,559;63,808;462,558;455,521;157,26;101;17;55,124;PARAMLOG_L-69_OPTION-10020
146;325,379;290,405;100,485;88,881;49,572;63,809;462,493;455,521;157,27;101;17;55,126;PARAMLOG_L-69_OPTION-10020
147;325,381;290,406;100,485;88,889;49,585;63,81;462,43;455,524;157,28;101;17;55,128;PARAMLOG_L-69_OPTION-10020
148;325,382;290,407;100,485;88,896;49,598;63,811;462,369;455,532;157,29;101;17;55,13;PARAMLOG_L-69_OPTION-10020
149;325,382;290,408;100,485;88,904;49,61;63,812;462,309;455,538;157,298;100;17;55,132;PARAMLOG_L-69_OPTION-10020
150;325,381;290,409;100,485;88,911;49,623;63,813;462,252;455,558;157,305;100;17;55,132;PARAMLOG_L-69_OPTION-10020
151;325,38;290,41;100,485;88,919;49,635;63,814;462,203;455,559;157,311;100;17;55,132;PARAMLOG_L-69_OPTION-10020
152;325,378;290,411;100,485;88,926;49,647;63,814;462,167;455,568;157,317;100;17;55,133;PARAMLOG_L-69_OPTION-10020
153;325,377;290,412;100,485;88,933;49,658;63,815;462,139;455,572;157,323;100;17;55,133;PARAMLOG_L-69_OPTION-10020
154;325,377;290,412;100,484;88,94;49,67;63,815;462,114;455,58;157,329;100;17;55,133;PARAMLOG_L-69_OPTION-10020
155;325,377;290,413;100,484;88,947;49,682;63,816;462,09;455,582;157,337;100;17;55,134;PARAMLOG_L-69_OPTION-10020
156;325,377;290,414;100,484;88,954;49,693;63,816;462,066;455,582;157,344;100;17;55,135;PARAMLOG_L-69_OPTION-10020
157;325,378;290,414;100,484;88,961;49,705;63,817;462,038;455,581;157,351;100;17;55,136;PARAMLOG_L-69_OPTION-10020
158;325,379;290,414;100,484;88,968;49,716;63,817;462,013;455,603;157,358;100;17;55,137;PARAMLOG_L-69_OPTION-10020
159;325,379;290,415;100,484;88,975;49,727;63,818;461,978;455,6;157,366;100;17;55,138;PARAMLOG_L-69_OPTION-10020
160;325,38;290,415;100,484;88,982;49,739;63,818;461,945;455,603;157,374;100;17;55,139;PARAMLOG_L-69_OPTION-10020
161;325,381;290,416;100,484;88,989;49,75;63,819;461,906;455,602;157,382;100;17;55,14;PARAMLOG_L-69_OPTION-10020
162;325,382;290,416;100,484;88,995;49,761;63,819;461,871;455,613;157,39;100;17;55,142;PARAMLOG_L-69_OPTION-10020
163;325,383;290,417;100,484;89,002;49,772;63,82;461,834;455,627;157,398;100;17;55,143;PARAMLOG_L-69_OPTION-10020
164;325,384;290,417;100,484;89,008;49,783;63,821;461,794;455,631;157,407;100;17;55,144;PARAMLOG_L-69_OPTION-10020
165;325,385;290,418;100,483;89,015;49,793;63,821;461,757;455,626;157,415;100;17;55,146;PARAMLOG_L-69_OPTION-10020
166;325,386;290,419;100,483;89,021;49,804;63,822;461,723;455,64;157,423;100;17;55,148;PARAMLOG_L-69_OPTION-10020
167;325,387;290,42;100,483;89,027;49,814;63,823;461,688;455,64;157,432;100;17;55,149;PARAMLOG_L-69_OPTION-10020
168;325,388;290,421;100,483;89,034;49,824;63,823;461,655;455,633;157,441;101;17;55,151;PARAMLOG_L-69_OPTION-10020
169;325,389;290,421;100,483;89,04;49,834;63,824;461,619;455,651;157,45;101;17;55,153;PARAMLOG_L-69_OPTION-10020
170;325,391;290,422;100,483;89,046;49,845;63,825;461,583;455,652;157,459;101;17;55,155;PARAMLOG_L-69_OPTION-10020
171;325,392;290,423;100,482;89,052;49,855;63,826;461,546;455,664;157,468;101;17;55,157;PARAMLOG_L-69_OPTION-10020
172;325,393;290,424;100,482;89,058;49,864;63,827;461,511;455,659;157,477;101;17;55,159;PARAMLOG_L-69_OPTION-10020
173;325,394;290,425;100,482;89,064;49,874;63,828;461,478;455,675;157,486;101;17;55,161;PARAMLOG_L-69_OPTION-10020
174;325,395;290,426;100,482;89,069;49,884;63,829;461,445;455,678;157,495;101;17;55,163;PARAMLOG_L-69_OPTION-10020
175;325,397;290,427;100,482;89,075;49,893;63,83;461,413;455,692;157,504;101;17;55,165;PARAMLOG_L-69_OPTION-10020
176;325,398;290,429;100,481;89,081;49,902;63,831;461,386;455,685;157,513;101;17;55,167;PARAMLOG_L-69_OPTION-10020
177;325,399;290,43;100,481;89,086;49,911;63,832;461,353;455,697;157,522;101;17;55,169;PARAMLOG_L-69_OPTION-10020
178;325,4;290,431;100,481;89,092;49,921;63,833;461,322;455,711;157,532;101;17;55,172;PARAMLOG_L-69_OPTION-10020
179;325,401;290,432;100,481;89,097;49,93;63,834;461,292;455,715;157,541;101;17;55,174;PARAMLOG_L-69_OPTION-10020
180;325,403;290,433;100,48;89,103;49,938;63,835;461,259;455,729;157,55;101;17;55,176;PARAMLOG_L-69_OPTION-10020
181;325,404;290,434;100,48;89,108;49,947;63,836;461,227;455,738;157,559;101;17;55,179;PARAMLOG_L-69_OPTION-10020
182;325,405;290,435;100,48;89,113;49,956;63,837;461,196;455,734;157,569;101;17;55,181;PARAMLOG_L-69_OPTION-10020
183;325,407;290,437;100,48;89,118;49,964;63,838;461,164;455,747;157,578;101;17;55,183;PARAMLOG_L-69_OPTION-10020
184;325,408;290,438;100,48;89,124;49,973;63,839;461,137;455,751;157,587;101;17;55,186;PARAMLOG_L-69_OPTION-10020
185;325,409;290,439;100,479;89,129;49,981;63,84;461,112;455,767;157,596;101;17;55,188;PARAMLOG_L-69_OPTION-10020
186;325,411;290,44;100,479;89,134;49,989;63,841;461,081;455,77;157,606;101;17;55,191;PARAMLOG_L-69_OPTION-10020
187;325,412;290,441;100,479;89,139;49,998;63,842;461,052;455,78;157,615;101;17;55,193;PARAMLOG_L-69_OPTION-10020
188;325,413;290,443;100,478;89,143;50,006;63,843;461,02;455,782;157,624;101;17;55,196;PARAMLOG_L-69_OPTION-10020
189;325,415;290,444;100,478;89,148;50,014;63,845;460,99;455,799;157,633;101;17;55,198;PARAMLOG_L-69_OPTION-10020
190;325,416;290,445;100,478;89,153;50,021;63,846;460,963;455,798;157,642;101;17;55,201;PARAMLOG_L-69_OPTION-10020
191;325,418;290,446;100,478;89,158;50,029;63,847;460,934;455,812;157,651;101;17;55,203;PARAMLOG_L-69_OPTION-10020
192;325,419;290,448;100,477;89,162;50,037;63,848;460,905;455,819;157,66;101;17;55,206;PARAMLOG_L-69_OPTION-10020
193;325,42;290,449;100,477;89,167;50,044;63,849;460,873;455,818;157,669;101;17;55,208;PARAMLOG_L-69_OPTION-10020
194;325,422;290,45;100,477;89,171;50,052;63,85;460,843;455,836;157,679;101;17;55,211;PARAMLOG_L-69_OPTION-10020
195;325,423;290,452;100,477;89,176;50,059;63,851;460,814;455,842;157,687;101;17;55,214;PARAMLOG_L-69_OPTION-10020
196;325,424;290,453;100,476;89,18;50,066;63,853;460,785;455,845;157,696;101;17;55,216;PARAMLOG_L-69_OPTION-10020
197;325,426;290,454;100,476;89,184;50,073;63,854;460,754;455,857;157,705;101;17;55,219;PARAMLOG_L-69_OPTION-10020
198;325,427;290,456;100,476;89,188;50,08;63,855;460,721;455,865;157,714;101;17;55,222;PARAMLOG_L-69_OPTION-10020
199;325,429;290,457;100,475;89,193;50,087;63,856;460,691;455,872;157,723;101;17;55,224;PARAMLOG_L-69_OPTION-10020
200;325,43;290,458;100,475;89,197;50,094;63,857;460,66;455,874;157,732;101;17;55,227;PARAMLOG_L-69_OPTION-10020
201;325,431;290,46;100,475;89,201;50,1;63,858;460,628;455,892;157,74;101;17;55,23;PARAMLOG_L-69_OPTION-10020
202;325,433;290,461;100,475;89,205;50,107;63,86;460,595;455,896;157,749;101;17;55,232;PARAMLOG_L-69_OPTION-10020
203;325,434;290,462;100,474;89,208;50,113;63,861;460,563;455,909;157,758;101;17;55,235;PARAMLOG_L-69_OPTION-10020
204;325,435;290,464;100,474;89,212;50,119;63,862;460,529;455,909;157,767;101;17;55,238;PARAMLOG_L-69_OPTION-10020
205;325,437;290,465;100,474;89,216;50,126;63,863;460,496;455,928;157,775;101;17;55,24;PARAMLOG_L-69_OPTION-10020
206;325,438;290,466;100,473;89,22;50,132;63,864;460,462;455,937;157,783;101;17;55,243;PARAMLOG_L-69_OPTION-10020
207;325,439;290,468;100,473;89,223;50,138;63,866;460,428;455,941;157,792;101;17;55,246;PARAMLOG_L-69_OPTION-10020
208;325,441;290,469;100,473;89,227;50,143;63,867;460,393;455,946;157,8;101;17;55,248;PARAMLOG_L-69_OPTION-10020
209;325,442;290,47;100,472;89,23;50,149;63,868;460,358;455,957;157,809;101;17;55,251;PARAMLOG_L-69_OPTION-10020
210;325,444;290,472;100,472;89,234;50,155;63,869;460,319;455,964;157,817;101;17;55,254;PARAMLOG_L-69_OPTION-10020
211;325,445;290,473;100,472;89,237;50,16;63,871;460,282;455,968;157,825;101;17;55,257;PARAMLOG_L-69_OPTION-10020
212;325,446;290,474;100,472;89,24;50,165;63,872;460,245;455,988;157,833;101;17;55,259;PARAMLOG_L-69_OPTION-10020
213;325,448;290,476;100,471;89,243;50,171;63,873;460,206;455,995;157,841;101;17;55,262;PARAMLOG_L-69_OPTION-10020
214;325,449;290,477;100,471;89,246;50,176;63,874;460,166;456,012;157,85;101;17;55,265;PARAMLOG_L-69_OPTION-10020
215;325,451;290,479;100,471;89,249;50,181;63,876;460,125;456,016;157,858;101;17;55,268;PARAMLOG_L-69_OPTION-10020
216;325,452;290,48;100,47;89,252;50,185;63,877;460,09;456,02;157,865;101;17;55,271;PARAMLOG_L-69_OPTION-10020
217;325,454;290,482;100,47;89,255;50,19;63,878;460,049;456,04;157,874;101;17;55,274;PARAMLOG_L-69_OPTION-10020
218;325,455;290,483;100,47;89,258;50,195;63,88;460,007;456,041;157,882;101;17;55,276;PARAMLOG_L-69_OPTION-10020
219;325,456;290,484;100,469;89,26;50,199;63,881;459,966;456,057;157,89;101;17;55,279;PARAMLOG_L-69_OPTION-10020
220;325,458;290,486;100,469;89,263;50,203;63,882;459,925;456,054;157,897;101;17;55,282;PARAMLOG_L-69_OPTION-10020
221;325,459;290,487;100,469;89,265;50,207;63,884;459,888;456,076;157,905;101;17;55,285;PARAMLOG_L-69_OPTION-10020
222;325,461;290,489;100,468;89,268;50,211;63,885;459,846;456,073;157,913;101;17;55,288;PARAMLOG_L-69_OPTION-10020
223;325,462;290,49;100,468;89,27;50,215;63,886;459,805;456,084;157,921;101;17;55,291;PARAMLOG_L-69_OPTION-10020
224;325,463;290,492;100,468;89,272;50,219;63,888;459,76;456,101;157,929;101;17;55,293;PARAMLOG_L-69_OPTION-10020
225;325,465;290,493;100,468;89,274;50,222;63,889;459,717;456,107;157,937;101;17;55,296;PARAMLOG_L-69_OPTION-10020
226;325,466;290,495;100,467;89,276;50,226;63,89;459,676;456,12;157,945;101;17;55,299;PARAMLOG_L-69_OPTION-10020
227;325,468;290,496;100,467;89,278;50,229;63,892;459,631;456,121;157,952;101;17;55,302;PARAMLOG_L-69_OPTION-10020
228;325,469;290,498;100,467;89,28;50,232;63,893;459,589;456,123;157,96;101;17;55,305;PARAMLOG_L-69_OPTION-10020
229;325,47;290,499;100,466;89,282;50,235;63,894;459,547;456,151;157,968;101;17;55,308;PARAMLOG_L-69_OPTION-10020
230;325,472;290,501;100,466;89,284;50,238;63,896;459,503;456,155;157,975;101;17;55,311;PARAMLOG_L-69_OPTION-10020
231;325,473;290,502;100,466;89,285;50,24;63,897;459,458;456,168;157,983;101;17;55,314;PARAMLOG_L-69_OPTION-10020
232;325,474;290,504;100,465;89,287;50,243;63,899;459,414;456,175;157,99;101;17;55,317;PARAMLOG_L-69_OPTION-10020
233;325,476;290,505;100,465;89,288;50,245;63,9;459,371;456,187;157,998;101;17;55,32;PARAMLOG_L-69_OPTION-10020
234;325,477;290,507;100,464;89,289;50,247;63,901;459,329;456,186;158,006;101;17;55,323;PARAMLOG_L-69_OPTION-10020
235;325,479;290,508;100,464;89,29;50,249;63,903;459,286;456,2;158,013;101;17;55,326;PARAMLOG_L-69_OPTION-10020
236;325,48;290,51;100,464;89,292;50,251;63,904;459,243;456,217;158,021;101;17;55,329;PARAMLOG_L-69_OPTION-10020
237;325,482;290,511;100,463;89,293;50,253;63,906;459,198;456,227;158,028;101;17;55,332;PARAMLOG_L-69_OPTION-10020
238;325,483;290,513;100,463;89,294;50,255;63,907;459,155;456,234;158,035;101;17;55,335;PARAMLOG_L-69_OPTION-10020
239;325,485;290,514;100,463;89,294;50,256;63,909;459,113;456,248;158,043;101;17;55,339;PARAMLOG_L-69_OPTION-10020
240;325,486;290,516;100,462;89,295;50,257;63,91;459,073;456,249;158,05;101;17;55,342;PARAMLOG_L-69_OPTION-10020